{"cameraMode":{"drawMode":0,"name":"Shaded","section":"Shading Mode"},"sceneLighting":true,"audioPlay":false,"sceneViewState":{"m_AlwaysRefresh":false,"showFog":true,"showSkybox":true,"showFlares":true,"showImageEffects":true,"showParticleSystems":true,"showVisualEffectGraphs":true,"m_FxEnabled":true},"in2DMode":false,"pivot":{"x":158.95101928710938,"y":6.074840068817139,"z":113.94086456298828},"rotation":{"x":-0.019329342991113664,"y":0.505791187286377,"z":0.01089105848222971,"w":0.8624759912490845},"size":102.07084655761719,"orthographic":false}